{"Sn(OTf)2": [601.8813204175378, 995.391709836127, 428.7555071213101, 415.3180631963526, 20.608874982205243, 55.031689053733785, 9.675268039993032, 4.20238628627736, 4.098052316296653, 4.868626524062329], "Mg(OTf)2": [529.0228437138984, 886.6476579494006, 381.3371984829173, 373.2277461961335, 20.893955105866326, 54.789782713690904, 9.87199152172762, 3.9074872627436656, 3.1920817189606616, 5.469952450554831], "AgOTf": [552.2632130271861, 955.7975921555372, 396.75587571796353, 416.02668518306643, 22.409171832763285, 64.9297226740259, 9.91458513601675, 4.029457594159688, 3.53756285821299, 5.75675927236939], "PbCl2": [407.4621541439604, 623.3136852193966, 275.4135324739471, 268.3192252762041, 20.936064651613446, 53.72896427751604, 9.326607438035285, 4.086572440240095, 3.628503798791513, 5.426995137532724], "LiClO4": [399.91753323126636, 608.5664962229772, 265.26336568819755, 250.39800577123714, 18.80674059285231, 45.01425322920864, 9.327302868800526, 4.210870708499659, 3.9079168818314622, 5.450032999094239], "Al(OTf)3": [596.3302079525853, 1057.517651438585, 454.96913382550883, 458.94987912336296, 22.46237208383849, 61.26837676321421, 10.267626617564034, 3.7107324767764815, 2.4379596512491615, 5.74472937814763], "Pb(CH3COO)2": [615.3093490350022, 1024.556747963565, 467.46260013641233, 457.61748635096495, 20.388111789768658, 52.08200357914931, 9.509705550395761, 4.101536401071468, 3.743569183259442, 5.425424952192592], "Sc(OTf)3": [609.4501838028428, 1079.2575051644585, 457.26430900030294, 465.5521560989749, 22.395378538127954, 56.01731404536518, 10.094874849298133, 3.974317961263526, 2.9055049622509186, 5.498194770031826], "LiBr": [416.80487915254264, 648.4238948320483, 284.85348683615973, 282.41221329907546, 20.16708555180429, 47.375600953317374, 9.278503104527267, 4.115956724171018, 3.566984987201265, 5.496290989476856], "Zn(OTf)": [504.6831330380493, 859.6388625772433, 369.85568729389786, 368.97271875362964, 20.988847779036007, 67.43958505239966, 9.790267418729087, 3.6691536328371446, 3.236345048497802, 5.761078503662005], "LiOTf": [456.1164999489733, 697.0489897489413, 295.1181823324015, 279.4573426615958, 18.551201136075537, 43.802844979513665, 9.202961436288167, 3.885222082034613, 3.2354090140648855, 5.581280521255963], "ZnBr2": [380.9736798745841, 592.4009726602555, 262.1422031218489, 257.4914232446255, 20.74179241158958, 58.35200869822961, 9.394252973522761, 3.9701265736544746, 3.273394444496891, 5.5911763960307495], "Cu(OTf)2": [525.3526534543289, 883.5559479719644, 377.55244292388915, 368.8652197852365, 21.141980948926353, 68.37382224193142, 9.736957217532094, 3.9739006080911388, 3.3212455240287886, 5.593373913559881], "PbBr2": [490.1059208420382, 824.5219722280149, 357.2105256253759, 391.5560390620142, 25.281514302791273, 64.66158646365288, 10.808951928201468, 4.220501796032293, 3.7958477709389666, 5.632057243517274], "CuSO4": [390.0854820295891, 596.2416232479117, 252.3721085360851, 243.86400351575966, 19.831723234372788, 44.805937576848706, 9.065826704357093, 3.9776135433490496, 3.7550878549243683, 5.804860431649282], "SnCl4": [403.62043580118655, 620.50919048286, 270.59872704572206, 264.188379306802, 20.23278355631762, 47.20718514210092, 9.404186832101324, 4.111247435572022, 3.7150923929025614, 5.331248625160735], "TiCl4": [415.67106400021987, 667.0165477177922, 290.0359070360769, 295.8308124112531, 21.371566713020286, 52.99393192721389, 9.846448386926463, 3.7554867184296534, 2.57147116991656, 5.722735901612472], "NiCl2": [416.9096448613373, 681.5446057377812, 288.144687649791, 309.7859784777513, 21.344735131915876, 53.456729128599264, 10.314278702872244, 3.976209983135007, 3.477386014405081, 5.71307311368721], "SnF4": [404.208528738103, 610.9158231633451, 258.5428045970662, 244.45739884039983, 18.652350687219084, 43.68925292149291, 9.240557963628225, 3.9000591510601783, 3.4743994046980395, 5.363343422587619], "LiCl": [368.3725400269639, 534.944786602256, 237.49789152713083, 220.34412073907993, 17.61126753009127, 42.454499015221856, 8.95586000272702, 4.162668216307868, 3.7298413494137157, 5.441012446083261], "InCl3": [493.7107884211848, 833.3891255432918, 359.28359304062917, 386.5552776625255, 23.65391711264227, 64.83325914594198, 10.42970733515801, 3.785883666398893, 3.284751517390223, 5.673060194154779], "AlPO4": [382.9756612752458, 588.9028892442183, 250.4434565162783, 246.89884199447454, 19.778755919738835, 48.37385830355021, 9.20968511995886, 2.9488998761719114, 1.4913225465303295, 5.6585215975700285], "MgBr2": [384.1134100508979, 593.6398342845653, 261.73370806787057, 259.57712628612086, 20.208239003740392, 50.6347540260213, 9.341469048273897, 3.5114503927902274, 3.175560974322626, 5.7809847081716965], "Al(NO3)3": [456.9618811627292, 736.9175006296482, 313.1297915138685, 310.7125702343495, 19.646223776854484, 53.634237709222575, 9.709929199602502, 3.8248771118063707, 2.7220101636306495, 5.412053985472714], "Sn(OAc)4": [614.0698407210723, 1015.0152773931609, 461.7613035555734, 449.0459200855324, 19.927983886958614, 50.72141341691148, 9.361042752740783, 4.068710938919358, 3.781739310616589, 5.382969425194227], "CuCl2": [370.6607411376194, 570.7042967927232, 251.21087948439802, 241.68908594635008, 19.878703209546803, 53.286654873557744, 9.331998253979917, 3.719951024113945, 3.1407952611340457, 5.779063235699468], "AlCl3": [505.7010918224531, 837.5855173086369, 366.8537865999863, 375.31291713067895, 22.329204884534843, 56.130444447020565, 9.80151556739133, 3.638162245401754, 2.5612829539051836, 5.28615208363379], "PbF2": [377.1808021008146, 562.5597573339377, 245.46698700824433, 235.12890427052827, 19.85520506279873, 40.89536867655066, 9.249588723074321, 4.05905564793129, 3.7039473119195505, 5.421944087284032], "Al(Me)3": [401.4218598070222, 630.5751539768258, 289.5740405700599, 283.7802090941862, 18.600484468451874, 50.661093408725066, 9.592987054014191, 3.6288994249945565, 2.7142001804364133, 5.542021331006382], "AlBr3": [555.9775443475335, 922.7105395582022, 410.8465746237114, 419.8737851378679, 23.95702566231887, 56.15506651041211, 9.904179753151764, 3.3417034411687845, 1.676955356715262, 5.520366301750874], "SnBr2": [413.8430317402421, 641.7144822211186, 280.4254544578984, 277.55261553461486, 21.23748310277209, 49.22999042942082, 9.561371818073319, 4.09962437395043, 3.5844353379145777, 5.375890434365622]}